Corpus,Threat Model,LLM,Metric,Higher is Better,Slope,Slope Std,Slope HDI Lower,Slope HDI Upper,P(Improvement),In ROPE,Conclusion
EBG,roberta,ministral,binary_accuracy@1,False,0.14289353979066213,0.20380549293224892,-0.2455508600967014,0.5562768466793988,0.763875,0.06375,Inconclusive
EBG,roberta,ministral,binary_accuracy@5,False,0.06870702856785602,0.18309798804221386,-0.2813659752648882,0.4442779979497773,0.645875,0.07375,Inconclusive
EBG,roberta,ministral,true_class_confidence,False,-0.0002075282242730343,0.019024843448990622,-0.03752486996340831,0.03690304394120396,0.506,0.0795,Inconclusive
EBG,roberta,ministral,entropy,True,0.0017126818137491015,0.022027895589975244,-0.04118731866658584,0.04386601583247669,0.538375,0.081625,Inconclusive
EBG,roberta,ministral,bertscore,True,-0.0026581249438876508,0.021433970154187798,-0.04394696557186384,0.040561448451058045,0.450875,0.0765,Inconclusive
EBG,roberta,ministral,pinc,True,0.004328287814049884,0.019701490404324857,-0.035220214492669974,0.04119213120776542,0.590875,0.0745,Inconclusive
