Corpus,Threat Model,LLM,Metric,Higher is Better,Slope,Slope Std,Slope HDI Lower,Slope HDI Upper,P(Improvement),In ROPE,Conclusion
EBG,roberta,ministral,binary_accuracy@1,False,0.14093892555342583,0.20396429378015765,-0.25957719880827934,0.5352496716357104,0.75825,0.066125,Inconclusive
EBG,roberta,ministral,binary_accuracy@5,False,0.06329759593854353,0.1792053702441057,-0.28739768849709413,0.4219974394277145,0.63675,0.078375,Inconclusive
EBG,roberta,ministral,true_class_confidence,False,-0.0002969916911162888,0.019106119740160497,-0.03829885637881901,0.03648363198459474,0.5075,0.080125,Inconclusive
EBG,roberta,ministral,entropy,True,0.0025103954739004097,0.021690212716594017,-0.04093732779595986,0.04352484919129891,0.546125,0.077375,Inconclusive
EBG,roberta,ministral,bertscore,True,-0.0030194184377677967,0.021887301104872515,-0.04687036709302378,0.03910878974026809,0.443625,0.07775,Inconclusive
EBG,roberta,ministral,pinc,True,0.004999791581806151,0.019621171593701976,-0.034734654270396126,0.041461383915202224,0.60425,0.08075,Inconclusive
