Corpus,Threat Model,LLM,Metric,Higher is Better,Slope,Slope Std,Slope HDI Lower,Slope HDI Upper,P(Improvement),In ROPE,Conclusion
EBG,roberta,ministral,binary_acc1,False,0.1521986510134332,0.2033045174059618,-0.24537308552298912,0.5549444746770381,0.7715,0.06175,Inconclusive
EBG,roberta,ministral,binary_acc5,False,0.058302232107789405,0.18368092345094633,-0.30847352158979296,0.41523798129121303,0.6225,0.078625,Inconclusive
EBG,roberta,ministral,true_class_confidence,False,0.10084585216422781,0.10978815482116734,-0.1202522219259014,0.30722697220177425,0.1795,0.050875,Inconclusive
EBG,roberta,ministral,entropy,True,0.04618190609144388,0.10032549373119684,-0.14487876885122777,0.2437462154022134,0.671375,0.06875,Inconclusive
EBG,roberta,ministral,bertscore,True,-0.014816436326649413,0.04084886905481199,-0.0964900259024143,0.062342505047004025,0.353375,0.06975,Inconclusive
EBG,roberta,ministral,pinc,True,0.0295031477956527,0.05112740704681741,-0.06864970571067103,0.13254724287403913,0.721125,0.06925,Inconclusive
