Corpus,Threat Model,LLM,Metric,Higher is Better,Slope,Slope Std,Slope HDI Lower,Slope HDI Upper,P(Improvement),In ROPE,Conclusion
EBG,roberta,ministral,binary_accuracy@1,False,-0.08229625790936305,0.15198216784314544,-0.39835442698711465,0.20043762382865998,0.29375,0.068125,Inconclusive
EBG,roberta,ministral,binary_accuracy@5,False,0.059729121335105176,0.14489078061802751,-0.21952445772368878,0.35176467854751947,0.655375,0.074875,Inconclusive
EBG,roberta,ministral,true_class_confidence,False,0.03887515091400067,0.35843378731131986,-0.6757595947168349,0.7449224642160007,0.452125,0.083125,Inconclusive
EBG,roberta,ministral,entropy,True,-0.05729507773352427,0.3780409959589042,-0.8179518322657184,0.6772024994193524,0.443625,0.083375,Inconclusive
EBG,roberta,ministral,bertscore,True,0.004312715888716793,0.37455146137465894,-0.7569518661635541,0.735800700240651,0.506,0.08325,Inconclusive
EBG,roberta,ministral,pinc,True,0.025111276988774526,0.34510812148799086,-0.6176627368048587,0.7331766389635108,0.527125,0.09075,Inconclusive
