Corpus,Threat Model,LLM,Metric,Higher is Better,Slope,Slope Std,Slope HDI Lower,Slope HDI Upper,P(Improvement),In ROPE,Conclusion
EBG,roberta,ministral,binary_acc1,False,0.14869970434817698,0.21315652441842578,-0.2751566054080774,0.5576175822309102,0.75275,0.064625,Inconclusive
EBG,roberta,ministral,binary_acc5,False,0.059624697587841266,0.17727602691818356,-0.2973204581344089,0.4084700933735117,0.631125,0.080125,Inconclusive
EBG,roberta,ministral,true_class_confidence,False,-0.0006505288348631819,0.019122574897452557,-0.03780747963257489,0.03738847788459514,0.51275,0.08275,Inconclusive
EBG,roberta,ministral,entropy,True,0.002449775063547088,0.021829249072600386,-0.039267488745404776,0.04632256799812613,0.540375,0.078125,Inconclusive
EBG,roberta,ministral,bertscore,True,-0.002856285655397189,0.02095667208493544,-0.04355532367527991,0.03920583067801221,0.440625,0.07875,Inconclusive
EBG,roberta,ministral,pinc,True,0.004695680476310037,0.019396952998888238,-0.03440764109972998,0.0417566815430096,0.593625,0.072375,Inconclusive
