Corpus,Threat Model,LLM,Metric,Higher is Better,Slope,Slope Std,Slope HDI Lower,Slope HDI Upper,P(Improvement),In ROPE,Conclusion,Slope2,Slope2 HDI Lower,Slope2 HDI Upper
EBG,roberta,ministral,binary_acc1,False,0.155438659389337,0.21354980559200742,-0.2617235269404285,0.571064254636071,0.765125,0.065,Inconclusive,-0.0666903229317388,-0.5437743178027166,0.43389942006960563
EBG,roberta,ministral,binary_acc5,False,0.06371239926833425,0.1837572774905889,-0.3000849871377732,0.41640203289177513,0.63325,0.072375,Inconclusive,-0.15060226795126,-0.6384612410556877,0.2808333518432303
EBG,roberta,ministral,true_class_confidence,False,0.09957126248906352,0.1130162018929244,-0.12684936362693117,0.31418204788674964,0.186875,0.05625,Inconclusive,0.026300319051544566,-0.2761118952536839,0.32560714240993255
EBG,roberta,ministral,entropy,True,0.04471305587960282,0.10495900286836579,-0.1597320110022164,0.2543992301236227,0.664875,0.070125,Inconclusive,0.07134357741816362,-0.20445264814016512,0.3515174579582703
EBG,roberta,ministral,bertscore,True,-0.013477688232008516,0.041691594034929065,-0.09082463268753051,0.07290444738327825,0.36875,0.075625,Inconclusive,0.016248235788197257,-0.11496642283781203,0.1375132005046511
EBG,roberta,ministral,pinc,True,0.027595233467027115,0.05071039966065507,-0.06919716587952063,0.12919683198945572,0.70125,0.07075,Inconclusive,0.045535632104948445,-0.10335836258423017,0.2095479042477852
