Corpus,Threat Model,LLM,Metric,Higher is Better,Slope,Slope Std,Slope HDI Lower,Slope HDI Upper,P(Improvement),In ROPE,Conclusion
EBG,roberta,ministral,binary_accuracy@1,False,0.14797042933740331,0.20612334085776196,-0.25158078523261207,0.5572844474774555,0.768,0.06275,Inconclusive
EBG,roberta,ministral,binary_accuracy@5,False,0.06584282141602966,0.17885592084064444,-0.2878558427574384,0.4107079383715388,0.643875,0.075375,Inconclusive
EBG,roberta,ministral,true_class_confidence,False,-0.0002669710260618939,0.019349049353522194,-0.03745014637105132,0.03865457843498115,0.5,0.081625,Inconclusive
EBG,roberta,ministral,entropy,True,0.0023662473957469484,0.021901132248268035,-0.04015711932142399,0.045153183342885976,0.54075,0.07975,Inconclusive
EBG,roberta,ministral,bertscore,True,-0.0026450028391386696,0.021280911575319323,-0.04394513273366561,0.03883909793274802,0.45425,0.07525,Inconclusive
EBG,roberta,ministral,pinc,True,0.004867740176398485,0.01971452925480463,-0.031706476903768405,0.04457101392040079,0.590625,0.079375,Inconclusive
