Corpus,Threat Model,LLM,Metric,Higher is Better,Slope,Slope Std,Slope HDI Lower,Slope HDI Upper,P(Improvement),In ROPE,Conclusion
EBG,roberta,ministral,binary_acc1,False,0.14665694894831016,0.20800681325706966,-0.26534813042561534,0.5542367356612901,0.756125,0.062,Inconclusive
EBG,roberta,ministral,binary_acc5,False,0.059124175946293656,0.18081788760513814,-0.2828226753920246,0.4264750509683703,0.626375,0.0725,Inconclusive
EBG,roberta,ministral,true_class_confidence,False,0.10071013534626508,0.11138159550273288,-0.12396978243699705,0.3113819793263387,0.183625,0.049625,Inconclusive
EBG,roberta,ministral,entropy,True,0.04394469267201774,0.10237511681753973,-0.15681702339672215,0.24647276621495146,0.67525,0.07575,Inconclusive
EBG,roberta,ministral,bertscore,True,-0.013728516250707189,0.04067533266873171,-0.09150969861077818,0.06683547283265114,0.36725,0.0755,Inconclusive
EBG,roberta,ministral,pinc,True,0.030078872116595108,0.05070669631989487,-0.06979070486602747,0.13006978854468895,0.72525,0.06325,Inconclusive
