Corpus,Threat Model,LLM,Metric,Higher is Better,Slope,Slope Std,Slope HDI Lower,Slope HDI Upper,P(Improvement),In ROPE,Conclusion
EBG,roberta,ministral,binary_accuracy@1,False,0.1426807325071249,0.20303209744186698,-0.2398045392738529,0.5516164594520531,0.756875,0.060625,Inconclusive
EBG,roberta,ministral,binary_accuracy@5,False,0.07216823390691313,0.17902927142377373,-0.27713686467712445,0.428013796497857,0.65475,0.0735,Inconclusive
EBG,roberta,ministral,true_class_confidence,False,-0.0006187366550077978,0.01924235162838408,-0.03856066884787452,0.03542983260517825,0.5125,0.071375,Inconclusive
EBG,roberta,ministral,entropy,True,0.0018307186857107688,0.02170677445914508,-0.041992951808224,0.04305594617554189,0.533125,0.077625,Inconclusive
EBG,roberta,ministral,bertscore,True,-0.002541630842446725,0.021258550345104342,-0.04169874171923337,0.04125659899483366,0.457,0.081875,Inconclusive
EBG,roberta,ministral,pinc,True,0.004752033630305373,0.01943249789721996,-0.03331078826818931,0.04258397459788921,0.596125,0.07575,Inconclusive
