Corpus,Threat Model,LLM,Metric,Higher is Better,Slope,Slope Std,Slope HDI Lower,Slope HDI Upper,P(Improvement),In ROPE,Conclusion
EBG,roberta,ministral,binary_acc1,False,0.14874792317490632,0.20645247268590636,-0.26955483858996215,0.5458313285394861,0.766375,0.061,Inconclusive
EBG,roberta,ministral,binary_acc5,False,0.057544871701660935,0.17637642392306968,-0.29959051768203526,0.39187401503354846,0.63275,0.075125,Inconclusive
EBG,roberta,ministral,true_class_confidence,False,-0.0005664081724653253,0.019431958482133662,-0.03969902007076809,0.03697516718857119,0.513625,0.08025,Inconclusive
EBG,roberta,ministral,entropy,True,0.0028609187130026726,0.022167360768137596,-0.0410219665153041,0.04507316685722764,0.55525,0.081,Inconclusive
EBG,roberta,ministral,bertscore,True,-0.0027225986869455275,0.02107214888154478,-0.04648183874116181,0.03586394281790809,0.451125,0.07625,Inconclusive
EBG,roberta,ministral,pinc,True,0.004707108845649576,0.019220666454085995,-0.032129277414697205,0.04252046532644259,0.598125,0.073,Inconclusive
