{
  "ebg": {
    "logreg": {
      "mean_entropy": 2.627006112023701,
      "raw_entropy": [
        0.11108772078629824,
        2.3589321882817518,
        2.9081419606635714,
        2.8283119375899126,
        3.749249956760555,
        4.011042055394481,
        2.602846280734837,
        4.078824028290611,
        3.0434136813074835,
        2.4077589294806963,
        4.442326564142574,
        2.7000374054917033,
        4.334076599245064,
        4.135826695504455,
        3.369100030324763,
        3.3755623059838706,
        2.896003176421899,
        2.894252751565778,
        0.09452386921313369,
        1.4415738156272082,
        4.170506139069171,
        2.482340065169455,
        1.513972581541631,
        3.228494696263967,
        1.542062640621393,
        4.172458842634871,
        3.298129033629499,
        2.706161114719885,
        4.239714270578605,
        0.1960477693524676,
        2.0838736651531673,
        2.343196590406413,
        4.061925585173519,
        2.1955860575902615,
        1.9617358455783196,
        0.38782960653030285,
        3.9998868741298175,
        2.2685555669471746,
        2.691493289515199,
        4.452074982215737,
        0.03169128697628225,
        1.9389945500645482,
        0.18631024313600658,
        2.889446978374424,
        1.3898948128837763
      ]
    },
    "svm": {
      "mean_entropy": 4.267334661829222,
      "raw_entropy": [
        4.153533370392637,
        4.036471618604643,
        4.681901055411378,
        3.428103365517002,
        4.664693207640868,
        4.570781766803265,
        4.943756552913653,
        4.8682695366888815,
        4.343740456765082,
        4.510854386690246,
        5.076279812949952,
        4.77136036002972,
        3.1630668247211537,
        3.9983200285681613,
        4.228138179655452,
        4.05424519240237,
        3.3641123250730125,
        4.342197254581556,
        3.0106396419890853,
        4.883175154538745,
        4.435353395788213,
        4.922890679754799,
        4.450933445624935,
        4.746824319137238,
        2.5330161499834696,
        4.2984296195157174,
        4.697362866854467,
        4.772361692726273,
        4.588499101674501,
        4.892024173179363,
        2.4586162266872424,
        4.615468604122248,
        4.967047198738078,
        4.692412519831543,
        4.651071528310584,
        3.648444479221778,
        4.444386726028702,
        4.830584944604688,
        4.578386752192263,
        4.537566104447392,
        4.528332994825453,
        3.6053540193234737,
        3.6930710935863496,
        3.9186763639058055,
        3.429304690313533
      ]
    },
    "roberta": {
      "mean_entropy": 0.7004076838493347,
      "raw_entropy": [
        0.24207966029644012,
        3.19748592376709,
        0.14891263842582703,
        0.14555399119853973,
        0.1582946926355362,
        0.12422136217355728,
        0.6916791200637817,
        0.11797653138637543,
        0.20943282544612885,
        0.22741299867630005,
        0.22892604768276215,
        3.1362462043762207,
        0.13090769946575165,
        0.13259589672088623,
        0.41006436944007874,
        0.15180422365665436,
        1.494989275932312,
        0.16395102441310883,
        0.16678723692893982,
        4.289250373840332,
        0.9397162199020386,
        0.16643865406513214,
        0.17069074511528015,
        0.16740107536315918,
        0.493515282869339,
        1.0535602569580078,
        0.158818781375885,
        4.240088939666748,
        0.3029138147830963,
        0.1376388669013977,
        0.1905730962753296,
        1.8266546726226807,
        1.2014256715774536,
        0.17732982337474823,
        0.138611301779747,
        0.11293181031942368,
        0.2505011558532715,
        0.12043477594852448,
        2.6261157989501953,
        0.1559896618127823,
        0.17590929567813873,
        0.10024143010377884,
        0.16812966763973236,
        0.7540332674980164,
        0.12010693550109863
      ]
    }
  },
  "rj": {
    "logreg": {
      "mean_entropy": 1.1018900402848348,
      "raw_entropy": [
        0.4723835881051431,
        1.6492356309461218,
        0.3616393048353921,
        0.970848769397346,
        0.9157516155191107,
        0.895573250843628,
        0.1425353185915648,
        0.2683918613469709,
        1.6241454174002623,
        1.6087316908088969,
        0.018049832492161494,
        2.8153030093924345,
        1.0983554035380199,
        0.00743259616531054,
        0.0783502814409191,
        3.3447703599854828,
        1.6090414648818516,
        0.5865800553814775,
        1.8771525870734136,
        2.1314528840064835,
        0.6639659238295449
      ]
    },
    "svm": {
      "mean_entropy": 3.3525514996139236,
      "raw_entropy": [
        3.1391814163941945,
        3.270053878083289,
        3.0501532702962098,
        3.807036477319483,
        3.827533109159136,
        3.447973157330802,
        2.576311077561958,
        3.797128944430856,
        3.3271124614349588,
        3.8094567370811814,
        2.5959882382837223,
        3.900579743865485,
        4.006518687714268,
        1.409911768832299,
        3.7299445873610786,
        4.002222250762129,
        3.7578952855551035,
        4.092732527434883,
        2.3172456893517492,
        3.4136309888025207,
        3.1249711948370846
      ]
    },
    "roberta": {
      "mean_entropy": 1.1630594730377197,
      "raw_entropy": [
        1.5872960090637207,
        0.5143779516220093,
        0.4959818124771118,
        0.7293261885643005,
        1.2664858102798462,
        2.054105520248413,
        0.3884323835372925,
        0.06685168296098709,
        2.5699379444122314,
        1.5443592071533203,
        2.0708279609680176,
        0.6926419734954834,
        1.7148067951202393,
        1.6756744384765625,
        0.9469914436340332,
        0.14683790504932404,
        0.6596097946166992,
        0.3110472857952118,
        2.370598554611206,
        1.2965385913848877,
        1.3215194940567017
      ]
    }
  }
}